Date,PDSI,TimeStep
1/1/1907 12:00:00 AM,0.198297483867,1
2/1/1907 12:00:00 AM,-0.455226334463,1
3/1/1907 12:00:00 AM,1.285767322301,1
4/1/1907 12:00:00 AM,2.378878508089,1
5/1/1907 12:00:00 AM,3.193667745318,1
6/1/1907 12:00:00 AM,5.060541654849,1
7/1/1907 12:00:00 AM,7.584386411459,1
8/1/1907 12:00:00 AM,8.500705710359,1
9/1/1907 12:00:00 AM,7.788221014789,1
10/1/1907 12:00:00 AM,-0.048126070375,1
11/1/1907 12:00:00 AM,-0.241972920992,1
12/1/1907 12:00:00 AM,-0.462004539831,1
1/1/1908 12:00:00 AM,-0.589701292502,1
2/1/1908 12:00:00 AM,-0.646221239063,1
3/1/1908 12:00:00 AM,-1.095913617270,1
4/1/1908 12:00:00 AM,-1.663865446552,1
5/1/1908 12:00:00 AM,-1.165304487683,1
6/1/1908 12:00:00 AM,-1.657799764551,1
7/1/1908 12:00:00 AM,-1.835228779644,1
8/1/1908 12:00:00 AM,-2.130152419145,1
9/1/1908 12:00:00 AM,-1.326937353352,1
10/1/1908 12:00:00 AM,-1.424183684319,1
11/1/1908 12:00:00 AM,-1.791825355054,1
12/1/1908 12:00:00 AM,-1.971183990974,1
1/1/1909 12:00:00 AM,-1.662122803133,1
2/1/1909 12:00:00 AM,-1.838481231076,1
3/1/1909 12:00:00 AM,-1.190158498380,1
4/1/1909 12:00:00 AM,-1.284004794199,1
5/1/1909 12:00:00 AM,-1.933901354454,1
6/1/1909 12:00:00 AM,-2.274917879282,1
7/1/1909 12:00:00 AM,-2.622952795534,1
8/1/1909 12:00:00 AM,-2.788002144234,1
9/1/1909 12:00:00 AM,-2.640498028710,1
10/1/1909 12:00:00 AM,0.376079104058,1
11/1/1909 12:00:00 AM,0.838879207070,1
12/1/1909 12:00:00 AM,1.895230349489,1
1/1/1910 12:00:00 AM,3.356380277709,1
2/1/1910 12:00:00 AM,-0.134092215539,1
3/1/1910 12:00:00 AM,-0.531523477166,1
4/1/1910 12:00:00 AM,-0.872445285969,1
5/1/1910 12:00:00 AM,-1.263355590549,1
6/1/1910 12:00:00 AM,-1.249039076851,1
7/1/1910 12:00:00 AM,-0.940997201130,1
8/1/1910 12:00:00 AM,-1.113736938176,1
9/1/1910 12:00:00 AM,-0.664250539546,1
10/1/1910 12:00:00 AM,-0.560348447240,1
11/1/1910 12:00:00 AM,-1.147897312942,1
12/1/1910 12:00:00 AM,0.109637051309,1
1/1/1911 12:00:00 AM,0.429727094813,1
2/1/1911 12:00:00 AM,0.866608993733,1
3/1/1911 12:00:00 AM,1.003792211194,1
4/1/1911 12:00:00 AM,-0.004703755863,1
5/1/1911 12:00:00 AM,-0.514075767772,1
6/1/1911 12:00:00 AM,-0.286746824600,1
7/1/1911 12:00:00 AM,-0.306856866382,1
8/1/1911 12:00:00 AM,-0.623577439101,1
9/1/1911 12:00:00 AM,-0.877230880037,1
10/1/1911 12:00:00 AM,-1.216722294950,1
11/1/1911 12:00:00 AM,-1.425714268125,1
12/1/1911 12:00:00 AM,-1.537395327811,1
1/1/1912 12:00:00 AM,-1.885917281062,1
2/1/1912 12:00:00 AM,-2.259335220018,1
3/1/1912 12:00:00 AM,-2.274812135148,1
4/1/1912 12:00:00 AM,-1.707929769162,1
5/1/1912 12:00:00 AM,-1.912514465041,1
6/1/1912 12:00:00 AM,-2.240220346535,1
7/1/1912 12:00:00 AM,-2.353727982678,1
8/1/1912 12:00:00 AM,-2.263587410911,1
9/1/1912 12:00:00 AM,0.311194854174,1
10/1/1912 12:00:00 AM,1.359970993609,1
11/1/1912 12:00:00 AM,-0.411727567792,1
12/1/1912 12:00:00 AM,-0.814514626664,1
1/1/1913 12:00:00 AM,-1.026409389613,1
2/1/1913 12:00:00 AM,-1.032112695303,1
3/1/1913 12:00:00 AM,-0.996429368408,1
4/1/1913 12:00:00 AM,-1.352807366978,1
5/1/1913 12:00:00 AM,1.318262390064,1
6/1/1913 12:00:00 AM,1.681786763107,1
7/1/1913 12:00:00 AM,3.495784338042,1
8/1/1913 12:00:00 AM,4.324451167542,1
9/1/1913 12:00:00 AM,3.381250721055,1
10/1/1913 12:00:00 AM,2.543208272400,1
11/1/1913 12:00:00 AM,3.184617597155,1
12/1/1913 12:00:00 AM,2.776313770028,1
1/1/1914 12:00:00 AM,4.123737510875,1
2/1/1914 12:00:00 AM,-0.063728213276,1
3/1/1914 12:00:00 AM,-0.450302540460,1
4/1/1914 12:00:00 AM,-0.814787455220,1
5/1/1914 12:00:00 AM,-1.356896619509,1
6/1/1914 12:00:00 AM,-0.900327645585,1
7/1/1914 12:00:00 AM,-0.848213289752,1
8/1/1914 12:00:00 AM,-1.084832043639,1
9/1/1914 12:00:00 AM,-1.296558288579,1
10/1/1914 12:00:00 AM,-1.589787016701,1
11/1/1914 12:00:00 AM,-1.878029289901,1
12/1/1914 12:00:00 AM,-1.815811783975,1
1/1/1915 12:00:00 AM,-2.052075975510,1
2/1/1915 12:00:00 AM,0.522277879047,1
3/1/1915 12:00:00 AM,0.750544260848,1
4/1/1915 12:00:00 AM,2.455288750237,1
5/1/1915 12:00:00 AM,2.548183395184,1
6/1/1915 12:00:00 AM,1.689344656221,1
7/1/1915 12:00:00 AM,1.428562368480,1
8/1/1915 12:00:00 AM,1.883208398336,1
9/1/1915 12:00:00 AM,1.942930644294,1
10/1/1915 12:00:00 AM,1.118334482323,1
11/1/1915 12:00:00 AM,0.563163597146,1
12/1/1915 12:00:00 AM,0.775372884869,1
1/1/1916 12:00:00 AM,2.674041300782,1
2/1/1916 12:00:00 AM,0.002231492722,1
3/1/1916 12:00:00 AM,-0.259756610924,1
4/1/1916 12:00:00 AM,-0.666031382259,1
5/1/1916 12:00:00 AM,-0.986113316767,1
6/1/1916 12:00:00 AM,-1.080403826063,1
7/1/1916 12:00:00 AM,0.153085930525,1
8/1/1916 12:00:00 AM,0.146584349708,1
9/1/1916 12:00:00 AM,1.031536234053,1
10/1/1916 12:00:00 AM,2.085709373640,1
11/1/1916 12:00:00 AM,1.674240077133,1
12/1/1916 12:00:00 AM,1.373699355971,1
1/1/1917 12:00:00 AM,1.421220687016,1
2/1/1917 12:00:00 AM,1.846598917044,1
3/1/1917 12:00:00 AM,-0.129917885899,1
4/1/1917 12:00:00 AM,-0.127412903095,1
5/1/1917 12:00:00 AM,0.234794044458,1
6/1/1917 12:00:00 AM,-0.500724131772,1
7/1/1917 12:00:00 AM,-0.559910529248,1
8/1/1917 12:00:00 AM,-0.851118985789,1
9/1/1917 12:00:00 AM,-1.266341215301,1
10/1/1917 12:00:00 AM,-1.799586638568,1
11/1/1917 12:00:00 AM,-1.818269548969,1
12/1/1917 12:00:00 AM,-2.498948674956,1
1/1/1918 12:00:00 AM,-2.628281908570,1
2/1/1918 12:00:00 AM,-2.266745803985,1
3/1/1918 12:00:00 AM,-1.933924328402,1
4/1/1918 12:00:00 AM,-1.471410172752,1
5/1/1918 12:00:00 AM,-1.819478268629,1
6/1/1918 12:00:00 AM,-1.577091007962,1
7/1/1918 12:00:00 AM,-1.307183020942,1
8/1/1918 12:00:00 AM,-1.685586056572,1
9/1/1918 12:00:00 AM,1.690898958096,1
10/1/1918 12:00:00 AM,1.716209053648,1
11/1/1918 12:00:00 AM,-0.091024087651,1
12/1/1918 12:00:00 AM,-0.063232698521,1
1/1/1919 12:00:00 AM,-0.588729473412,1
2/1/1919 12:00:00 AM,-0.802170441539,1
3/1/1919 12:00:00 AM,-0.843881185975,1
4/1/1919 12:00:00 AM,-1.258422259895,1
5/1/1919 12:00:00 AM,-1.874856536123,1
6/1/1919 12:00:00 AM,-2.508825419271,1
7/1/1919 12:00:00 AM,-2.786319631881,1
8/1/1919 12:00:00 AM,-3.068011535808,1
9/1/1919 12:00:00 AM,0.781949743302,1
10/1/1919 12:00:00 AM,0.608504725165,1
11/1/1919 12:00:00 AM,0.543161841287,1
12/1/1919 12:00:00 AM,0.899721509159,1
1/1/1920 12:00:00 AM,0.289557086007,1
2/1/1920 12:00:00 AM,0.356596567229,1
3/1/1920 12:00:00 AM,1.128834701428,1
4/1/1920 12:00:00 AM,1.110322152303,1
5/1/1920 12:00:00 AM,-0.625437541944,1
6/1/1920 12:00:00 AM,-0.910826836430,1
7/1/1920 12:00:00 AM,-1.246769206302,1
8/1/1920 12:00:00 AM,3.059490229616,1
9/1/1920 12:00:00 AM,-0.403914508124,1
10/1/1920 12:00:00 AM,-0.299184198688,1
11/1/1920 12:00:00 AM,-0.263441621210,1
12/1/1920 12:00:00 AM,-0.532478437873,1
1/1/1921 12:00:00 AM,-1.291473692661,1
2/1/1921 12:00:00 AM,-1.952300435981,1
3/1/1921 12:00:00 AM,-2.833304892415,1
4/1/1921 12:00:00 AM,-3.352622391190,1
5/1/1921 12:00:00 AM,-2.147896378309,1
6/1/1921 12:00:00 AM,-1.952965567431,1
7/1/1921 12:00:00 AM,-2.381462568708,1
8/1/1921 12:00:00 AM,-2.502295047993,1
9/1/1921 12:00:00 AM,-2.226140840518,1
10/1/1921 12:00:00 AM,-2.670546952298,1
11/1/1921 12:00:00 AM,-2.861279859649,1
12/1/1921 12:00:00 AM,1.071209609739,1
1/1/1922 12:00:00 AM,1.595608892806,1
2/1/1922 12:00:00 AM,2.289759505052,1
3/1/1922 12:00:00 AM,2.034213003333,1
4/1/1922 12:00:00 AM,2.192276886779,1
5/1/1922 12:00:00 AM,2.036869667097,1
6/1/1922 12:00:00 AM,2.058819714117,1
7/1/1922 12:00:00 AM,2.382843452842,1
8/1/1922 12:00:00 AM,4.462454394305,1
9/1/1922 12:00:00 AM,3.579783949106,1
10/1/1922 12:00:00 AM,2.718615395083,1
11/1/1922 12:00:00 AM,3.049528823446,1
12/1/1922 12:00:00 AM,4.236818919914,1
1/1/1923 12:00:00 AM,3.783403617602,1
2/1/1923 12:00:00 AM,3.286222971731,1
3/1/1923 12:00:00 AM,2.882942701559,1
4/1/1923 12:00:00 AM,3.459242367961,1
5/1/1923 12:00:00 AM,3.406873328629,1
6/1/1923 12:00:00 AM,3.554909833342,1
7/1/1923 12:00:00 AM,3.460543560852,1
8/1/1923 12:00:00 AM,3.160486173919,1
9/1/1923 12:00:00 AM,3.585676362861,1
10/1/1923 12:00:00 AM,-0.119243451171,1
11/1/1923 12:00:00 AM,-0.417747025429,1
12/1/1923 12:00:00 AM,-0.168312699932,1
1/1/1924 12:00:00 AM,-0.037754703482,1
2/1/1924 12:00:00 AM,-0.203529669363,1
3/1/1924 12:00:00 AM,-0.020771387416,1
4/1/1924 12:00:00 AM,-0.274903990568,1
5/1/1924 12:00:00 AM,-1.256875830311,1
6/1/1924 12:00:00 AM,-1.904823190040,1
7/1/1924 12:00:00 AM,-2.260197143622,1
8/1/1924 12:00:00 AM,-2.511855830830,1
9/1/1924 12:00:00 AM,-2.625242067303,1
10/1/1924 12:00:00 AM,1.166192727799,1
11/1/1924 12:00:00 AM,1.202895959785,1
12/1/1924 12:00:00 AM,1.445365200967,1
1/1/1925 12:00:00 AM,-0.647415905433,1
2/1/1925 12:00:00 AM,-0.804662393106,1
3/1/1925 12:00:00 AM,-0.700857266297,1
4/1/1925 12:00:00 AM,-0.879662546417,1
5/1/1925 12:00:00 AM,0.122054572284,1
6/1/1925 12:00:00 AM,0.582588283309,1
7/1/1925 12:00:00 AM,0.712921952412,1
8/1/1925 12:00:00 AM,1.349546719089,1
9/1/1925 12:00:00 AM,1.773639778256,1
10/1/1925 12:00:00 AM,2.465477650315,1
11/1/1925 12:00:00 AM,-0.252721644489,1
12/1/1925 12:00:00 AM,-0.190585034376,1
1/1/1926 12:00:00 AM,-0.242859253650,1
2/1/1926 12:00:00 AM,0.256247401572,1
3/1/1926 12:00:00 AM,0.051558745428,1
4/1/1926 12:00:00 AM,0.546669186025,1
5/1/1926 12:00:00 AM,-0.893780729160,1
6/1/1926 12:00:00 AM,-1.624292895450,1
7/1/1926 12:00:00 AM,-1.983442986277,1
8/1/1926 12:00:00 AM,-2.104685234668,1
9/1/1926 12:00:00 AM,-2.271626886759,1
10/1/1926 12:00:00 AM,-2.281770604131,1
11/1/1926 12:00:00 AM,-1.395811992281,1
12/1/1926 12:00:00 AM,-1.302984021265,1
1/1/1927 12:00:00 AM,-1.318836687546,1
2/1/1927 12:00:00 AM,-0.713605697262,1
3/1/1927 12:00:00 AM,-0.793539373138,1
4/1/1927 12:00:00 AM,-0.813208429842,1
5/1/1927 12:00:00 AM,-1.317243151649,1
6/1/1927 12:00:00 AM,-1.772659621167,1
7/1/1927 12:00:00 AM,-1.963783816332,1
8/1/1927 12:00:00 AM,-2.210970547252,1
9/1/1927 12:00:00 AM,-2.106528210501,1
10/1/1927 12:00:00 AM,-1.550042206207,1
11/1/1927 12:00:00 AM,-1.990403463967,1
12/1/1927 12:00:00 AM,-1.789848313506,1
1/1/1928 12:00:00 AM,-2.053257489655,1
2/1/1928 12:00:00 AM,-2.132763390083,1
3/1/1928 12:00:00 AM,-1.536208936758,1
4/1/1928 12:00:00 AM,-1.564807623226,1
5/1/1928 12:00:00 AM,-2.503682987394,1
6/1/1928 12:00:00 AM,-2.780153049286,1
7/1/1928 12:00:00 AM,-3.117213676042,1
8/1/1928 12:00:00 AM,-3.303660001777,1
9/1/1928 12:00:00 AM,-3.449785537655,1
10/1/1928 12:00:00 AM,-3.350839061064,1
11/1/1928 12:00:00 AM,-2.916263385055,1
12/1/1928 12:00:00 AM,-2.829303817387,1
1/1/1929 12:00:00 AM,-2.786337399856,1
2/1/1929 12:00:00 AM,-2.234970243888,1
3/1/1929 12:00:00 AM,-1.532461164158,1
4/1/1929 12:00:00 AM,-1.147398987713,1
5/1/1929 12:00:00 AM,-1.673713926930,1
6/1/1929 12:00:00 AM,-1.917554990526,1
7/1/1929 12:00:00 AM,-2.324208310964,1
8/1/1929 12:00:00 AM,-2.621752209773,1
9/1/1929 12:00:00 AM,-2.785280198505,1
10/1/1929 12:00:00 AM,-3.037464895930,1
11/1/1929 12:00:00 AM,-3.022542231878,1
12/1/1929 12:00:00 AM,-3.442950921994,1
1/1/1930 12:00:00 AM,-3.170655491649,1
2/1/1930 12:00:00 AM,-3.229310333605,1
3/1/1930 12:00:00 AM,-3.141973063319,1
4/1/1930 12:00:00 AM,-3.332835452741,1
5/1/1930 12:00:00 AM,1.664640066081,1
6/1/1930 12:00:00 AM,1.377768616547,1
7/1/1930 12:00:00 AM,0.786879965794,1
8/1/1930 12:00:00 AM,0.363098493915,1
9/1/1930 12:00:00 AM,1.018413853699,1
10/1/1930 12:00:00 AM,0.833778277744,1
11/1/1930 12:00:00 AM,1.823388300420,1
12/1/1930 12:00:00 AM,1.236528904842,1
1/1/1931 12:00:00 AM,0.815634866215,1
2/1/1931 12:00:00 AM,1.762728146851,1
3/1/1931 12:00:00 AM,-0.229281171651,1
4/1/1931 12:00:00 AM,-0.262703059920,1
5/1/1931 12:00:00 AM,-0.655311272832,1
6/1/1931 12:00:00 AM,-0.394917350651,1
7/1/1931 12:00:00 AM,-0.249218763331,1
8/1/1931 12:00:00 AM,-0.505476747114,1
9/1/1931 12:00:00 AM,0.958177169075,1
10/1/1931 12:00:00 AM,0.324848447067,1
11/1/1931 12:00:00 AM,0.668076462671,1
12/1/1931 12:00:00 AM,2.660469893909,1
1/1/1932 12:00:00 AM,2.337097452327,1
2/1/1932 12:00:00 AM,3.042612600527,1
3/1/1932 12:00:00 AM,2.550058252173,1
4/1/1932 12:00:00 AM,3.867146216980,1
5/1/1932 12:00:00 AM,4.824770423644,1
6/1/1932 12:00:00 AM,5.113327857441,1
7/1/1932 12:00:00 AM,5.539584668444,1
8/1/1932 12:00:00 AM,5.210531462210,1
9/1/1932 12:00:00 AM,4.648835634336,1
10/1/1932 12:00:00 AM,4.105947067364,1
11/1/1932 12:00:00 AM,2.994151902347,1
12/1/1932 12:00:00 AM,2.383884193346,1
1/1/1933 12:00:00 AM,2.892453144377,1
2/1/1933 12:00:00 AM,2.376063706973,1
3/1/1933 12:00:00 AM,2.305846169070,1
4/1/1933 12:00:00 AM,2.602255051284,1
5/1/1933 12:00:00 AM,2.741606389843,1
6/1/1933 12:00:00 AM,-0.575707547526,1
7/1/1933 12:00:00 AM,-0.912086815790,1
8/1/1933 12:00:00 AM,-1.187392122456,1
9/1/1933 12:00:00 AM,-1.533394118572,1
10/1/1933 12:00:00 AM,-1.917286117168,1
11/1/1933 12:00:00 AM,-1.835872668545,1
12/1/1933 12:00:00 AM,-0.754166829085,1
1/1/1934 12:00:00 AM,-1.371232864804,1
2/1/1934 12:00:00 AM,-1.273399308773,1
3/1/1934 12:00:00 AM,-1.948572352663,1
4/1/1934 12:00:00 AM,-2.822177992601,1
5/1/1934 12:00:00 AM,-3.481039513483,1
6/1/1934 12:00:00 AM,1.409700014217,1
7/1/1934 12:00:00 AM,0.736467943030,1
8/1/1934 12:00:00 AM,0.630927864303,1
9/1/1934 12:00:00 AM,0.066247519853,1
10/1/1934 12:00:00 AM,1.316465973926,1
11/1/1934 12:00:00 AM,0.971671766113,1
12/1/1934 12:00:00 AM,1.537032855808,1
1/1/1935 12:00:00 AM,1.769799415219,1
2/1/1935 12:00:00 AM,2.010903290326,1
3/1/1935 12:00:00 AM,1.673413322545,1
4/1/1935 12:00:00 AM,2.462979995322,1
5/1/1935 12:00:00 AM,2.631323106989,1
6/1/1935 12:00:00 AM,2.057941223017,1
7/1/1935 12:00:00 AM,2.371524338984,1
8/1/1935 12:00:00 AM,1.935087500471,1
9/1/1935 12:00:00 AM,1.285063130493,1
10/1/1935 12:00:00 AM,0.809548538516,1
11/1/1935 12:00:00 AM,2.068608121608,1
12/1/1935 12:00:00 AM,1.936421880458,1
1/1/1936 12:00:00 AM,1.502813701909,1
2/1/1936 12:00:00 AM,3.152740441001,1
3/1/1936 12:00:00 AM,2.813257074043,1
4/1/1936 12:00:00 AM,2.223480173407,1
5/1/1936 12:00:00 AM,2.328877336028,1
6/1/1936 12:00:00 AM,3.220558053854,1
7/1/1936 12:00:00 AM,3.637233455824,1
8/1/1936 12:00:00 AM,3.269727376871,1
9/1/1936 12:00:00 AM,2.669715509017,1
10/1/1936 12:00:00 AM,2.510250442457,1
11/1/1936 12:00:00 AM,1.958235571335,1
12/1/1936 12:00:00 AM,3.073840770612,1
1/1/1937 12:00:00 AM,3.414030329152,1
2/1/1937 12:00:00 AM,3.587999512978,1
3/1/1937 12:00:00 AM,4.277263915728,1
4/1/1937 12:00:00 AM,4.162942923139,1
5/1/1937 12:00:00 AM,3.914498783607,1
6/1/1937 12:00:00 AM,3.688627031645,1
7/1/1937 12:00:00 AM,4.770829003525,1
8/1/1937 12:00:00 AM,4.310560914088,1
9/1/1937 12:00:00 AM,3.476200279526,1
10/1/1937 12:00:00 AM,2.769421696032,1
11/1/1937 12:00:00 AM,1.980559671110,1
12/1/1937 12:00:00 AM,2.536257259108,1
1/1/1938 12:00:00 AM,2.516056170805,1
2/1/1938 12:00:00 AM,2.857612630239,1
3/1/1938 12:00:00 AM,3.616421336257,1
4/1/1938 12:00:00 AM,5.159572280699,1
5/1/1938 12:00:00 AM,5.841737550546,1
6/1/1938 12:00:00 AM,8.005934804786,1
7/1/1938 12:00:00 AM,8.878259858270,1
8/1/1938 12:00:00 AM,8.758487949103,1
9/1/1938 12:00:00 AM,8.176831028100,1
10/1/1938 12:00:00 AM,8.062170593269,1
11/1/1938 12:00:00 AM,7.478961052038,1
12/1/1938 12:00:00 AM,6.268397495907,1
1/1/1939 12:00:00 AM,5.699739386487,1
2/1/1939 12:00:00 AM,5.867546381795,1
3/1/1939 12:00:00 AM,6.192832978852,1
4/1/1939 12:00:00 AM,5.511922949755,1
5/1/1939 12:00:00 AM,4.800951177023,1
6/1/1939 12:00:00 AM,3.919461336256,1
7/1/1939 12:00:00 AM,4.399392258319,1
8/1/1939 12:00:00 AM,3.840995122427,1
9/1/1939 12:00:00 AM,3.661932228617,1
10/1/1939 12:00:00 AM,3.416629605571,1
11/1/1939 12:00:00 AM,2.714152371340,1
12/1/1939 12:00:00 AM,2.516148279800,1
1/1/1940 12:00:00 AM,4.906674227049,1
2/1/1940 12:00:00 AM,4.431666989886,1
3/1/1940 12:00:00 AM,3.784567277307,1
4/1/1940 12:00:00 AM,4.478756834841,1
5/1/1940 12:00:00 AM,4.038008795671,1
6/1/1940 12:00:00 AM,4.001526597776,1
7/1/1940 12:00:00 AM,3.921710467982,1
8/1/1940 12:00:00 AM,3.454224437951,1
9/1/1940 12:00:00 AM,2.869210924682,1
10/1/1940 12:00:00 AM,3.112017223959,1
11/1/1940 12:00:00 AM,2.559672800792,1
12/1/1940 12:00:00 AM,3.074972757580,1
1/1/1941 12:00:00 AM,-0.295370522777,1
2/1/1941 12:00:00 AM,-0.110877667960,1
3/1/1941 12:00:00 AM,-0.241086652939,1
4/1/1941 12:00:00 AM,-0.499030736552,1
5/1/1941 12:00:00 AM,-1.097643624724,1
6/1/1941 12:00:00 AM,-1.325440981122,1
7/1/1941 12:00:00 AM,0.254836474212,1
8/1/1941 12:00:00 AM,0.889356052509,1
9/1/1941 12:00:00 AM,-0.282513484896,1
10/1/1941 12:00:00 AM,1.421706664851,1
11/1/1941 12:00:00 AM,0.910277813499,1
12/1/1941 12:00:00 AM,1.646646426917,1
1/1/1942 12:00:00 AM,1.399513253167,1
2/1/1942 12:00:00 AM,1.536070716266,1
3/1/1942 12:00:00 AM,1.849998142493,1
4/1/1942 12:00:00 AM,2.091349476859,1
5/1/1942 12:00:00 AM,2.218328540601,1
6/1/1942 12:00:00 AM,2.080482009570,1
7/1/1942 12:00:00 AM,0.026872331062,1
8/1/1942 12:00:00 AM,-0.280640733243,1
9/1/1942 12:00:00 AM,-0.671026635807,1
10/1/1942 12:00:00 AM,-1.067596995443,1
11/1/1942 12:00:00 AM,0.116673550584,1
12/1/1942 12:00:00 AM,0.157416499850,1
1/1/1943 12:00:00 AM,1.126132808433,1
2/1/1943 12:00:00 AM,1.149271403938,1
3/1/1943 12:00:00 AM,2.083272585064,1
4/1/1943 12:00:00 AM,1.824800170786,1
5/1/1943 12:00:00 AM,1.099673821690,1
6/1/1943 12:00:00 AM,0.978327537710,1
7/1/1943 12:00:00 AM,1.522728960293,1
8/1/1943 12:00:00 AM,1.190266918042,1
9/1/1943 12:00:00 AM,0.617296873216,1
10/1/1943 12:00:00 AM,1.082425964920,1
11/1/1943 12:00:00 AM,1.769878803237,1
12/1/1943 12:00:00 AM,1.127668853279,1
1/1/1944 12:00:00 AM,1.060641561363,1
2/1/1944 12:00:00 AM,1.955749427704,1
3/1/1944 12:00:00 AM,1.837027743670,1
4/1/1944 12:00:00 AM,1.843638122314,1
5/1/1944 12:00:00 AM,-0.270640205267,1
6/1/1944 12:00:00 AM,-0.184117606999,1
7/1/1944 12:00:00 AM,-0.211062225086,1
8/1/1944 12:00:00 AM,-0.424116425213,1
9/1/1944 12:00:00 AM,-0.665429613386,1
10/1/1944 12:00:00 AM,0.628542952379,1
11/1/1944 12:00:00 AM,1.016016433017,1
12/1/1944 12:00:00 AM,-0.230041628730,1
1/1/1945 12:00:00 AM,-0.520631075236,1
2/1/1945 12:00:00 AM,1.063303977443,1
3/1/1945 12:00:00 AM,1.497032148125,1
4/1/1945 12:00:00 AM,1.442265256279,1
5/1/1945 12:00:00 AM,1.809311136958,1
6/1/1945 12:00:00 AM,2.683684421003,1
7/1/1945 12:00:00 AM,3.220680350607,1
8/1/1945 12:00:00 AM,2.890838590192,1
9/1/1945 12:00:00 AM,2.264375936177,1
10/1/1945 12:00:00 AM,2.199378859582,1
11/1/1945 12:00:00 AM,1.979237399387,1
12/1/1945 12:00:00 AM,2.188074746032,1
1/1/1946 12:00:00 AM,1.532878948900,1
2/1/1946 12:00:00 AM,1.151331196440,1
3/1/1946 12:00:00 AM,2.532974569222,1
4/1/1946 12:00:00 AM,2.253250958576,1
5/1/1946 12:00:00 AM,2.126213558796,1
6/1/1946 12:00:00 AM,1.521421797481,1
7/1/1946 12:00:00 AM,2.474126576913,1
8/1/1946 12:00:00 AM,1.905152044365,1
9/1/1946 12:00:00 AM,2.117602613681,1
10/1/1946 12:00:00 AM,2.886475684662,1
11/1/1946 12:00:00 AM,3.188080220903,1
12/1/1946 12:00:00 AM,3.070791156494,1
1/1/1947 12:00:00 AM,-0.394242980827,1
2/1/1947 12:00:00 AM,-0.668568562216,1
3/1/1947 12:00:00 AM,-0.895895487111,1
4/1/1947 12:00:00 AM,-1.515505629401,1
5/1/1947 12:00:00 AM,-1.910050540416,1
6/1/1947 12:00:00 AM,-2.300620274510,1
7/1/1947 12:00:00 AM,-2.593192485936,1
8/1/1947 12:00:00 AM,-2.787611073491,1
9/1/1947 12:00:00 AM,-2.986113506624,1
10/1/1947 12:00:00 AM,-3.092405999482,1
11/1/1947 12:00:00 AM,-2.576018959220,1
12/1/1947 12:00:00 AM,-2.749447830848,1
1/1/1948 12:00:00 AM,-3.056664873941,1
2/1/1948 12:00:00 AM,-2.983096026656,1
3/1/1948 12:00:00 AM,-2.787407156864,1
4/1/1948 12:00:00 AM,-3.090631295663,1
5/1/1948 12:00:00 AM,-2.253569429129,1
6/1/1948 12:00:00 AM,-2.426095413635,1
7/1/1948 12:00:00 AM,-2.724835308977,1
8/1/1948 12:00:00 AM,-2.908170951882,1
9/1/1948 12:00:00 AM,-3.066596539015,1
10/1/1948 12:00:00 AM,0.715730849163,1
11/1/1948 12:00:00 AM,0.326114220002,1
12/1/1948 12:00:00 AM,0.102288033076,1
1/1/1949 12:00:00 AM,0.197143555242,1
2/1/1949 12:00:00 AM,0.109854486633,1
3/1/1949 12:00:00 AM,0.942590127104,1
4/1/1949 12:00:00 AM,0.738723698250,1
5/1/1949 12:00:00 AM,1.851729743399,1
6/1/1949 12:00:00 AM,-0.232548501812,1
7/1/1949 12:00:00 AM,-0.557825405130,1
8/1/1949 12:00:00 AM,-0.893382154883,1
9/1/1949 12:00:00 AM,-1.228557615514,1
10/1/1949 12:00:00 AM,-1.589776450961,1
11/1/1949 12:00:00 AM,-2.012176148003,1
12/1/1949 12:00:00 AM,-2.179996226023,1
1/1/1950 12:00:00 AM,-2.406086990349,1
2/1/1950 12:00:00 AM,-2.596877066480,1
3/1/1950 12:00:00 AM,-2.848943535873,1
4/1/1950 12:00:00 AM,-3.318358136376,1
5/1/1950 12:00:00 AM,-3.602544747157,1
6/1/1950 12:00:00 AM,-3.971437507345,1
7/1/1950 12:00:00 AM,-3.658082350207,1
8/1/1950 12:00:00 AM,-3.803406517714,1
9/1/1950 12:00:00 AM,-2.334578886528,1
10/1/1950 12:00:00 AM,-2.122342327368,1
11/1/1950 12:00:00 AM,-2.222361632341,1
12/1/1950 12:00:00 AM,-2.279290092060,1
1/1/1951 12:00:00 AM,-2.061204121348,1
2/1/1951 12:00:00 AM,-1.960726081124,1
3/1/1951 12:00:00 AM,-1.962228780140,1
4/1/1951 12:00:00 AM,-2.132036974057,1
5/1/1951 12:00:00 AM,-2.065329578915,1
6/1/1951 12:00:00 AM,-2.593526782961,1
7/1/1951 12:00:00 AM,-2.920815305562,1
8/1/1951 12:00:00 AM,0.450498940144,1
9/1/1951 12:00:00 AM,-0.532758229037,1
10/1/1951 12:00:00 AM,0.849087314102,1
11/1/1951 12:00:00 AM,0.988108943369,1
12/1/1951 12:00:00 AM,1.391568869660,1
1/1/1952 12:00:00 AM,1.779150419164,1
2/1/1952 12:00:00 AM,1.225691397605,1
3/1/1952 12:00:00 AM,1.684846047285,1
4/1/1952 12:00:00 AM,2.281031057579,1
5/1/1952 12:00:00 AM,1.773833541308,1
6/1/1952 12:00:00 AM,1.301343559062,1
7/1/1952 12:00:00 AM,1.346424933189,1
8/1/1952 12:00:00 AM,1.636057159324,1
9/1/1952 12:00:00 AM,2.164715762479,1
10/1/1952 12:00:00 AM,-0.662934757373,1
11/1/1952 12:00:00 AM,-0.628959150130,1
12/1/1952 12:00:00 AM,-0.286665655781,1
1/1/1953 12:00:00 AM,-1.238815922873,1
2/1/1953 12:00:00 AM,-1.732221064024,1
3/1/1953 12:00:00 AM,-2.003785705991,1
4/1/1953 12:00:00 AM,-2.429946091817,1
5/1/1953 12:00:00 AM,-1.138679659482,1
6/1/1953 12:00:00 AM,-0.840672614954,1
7/1/1953 12:00:00 AM,-1.396433784075,1
8/1/1953 12:00:00 AM,-0.751169036589,1
9/1/1953 12:00:00 AM,-1.248344361746,1
10/1/1953 12:00:00 AM,-1.589177122423,1
11/1/1953 12:00:00 AM,-2.154363074592,1
12/1/1953 12:00:00 AM,-2.291393890085,1
1/1/1954 12:00:00 AM,-2.354150500060,1
2/1/1954 12:00:00 AM,-2.524332832731,1
3/1/1954 12:00:00 AM,1.210678746145,1
4/1/1954 12:00:00 AM,1.953691685413,1
5/1/1954 12:00:00 AM,1.464740398026,1
6/1/1954 12:00:00 AM,2.264139405348,1
7/1/1954 12:00:00 AM,-0.438770867363,1
8/1/1954 12:00:00 AM,-0.817415325195,1
9/1/1954 12:00:00 AM,-1.171548904110,1
10/1/1954 12:00:00 AM,-1.604522179932,1
11/1/1954 12:00:00 AM,-1.663276588488,1
12/1/1954 12:00:00 AM,-1.635491655636,1
1/1/1955 12:00:00 AM,-1.881291269655,1
2/1/1955 12:00:00 AM,-1.772304259128,1
3/1/1955 12:00:00 AM,-1.738014949907,1
4/1/1955 12:00:00 AM,-1.935709347111,1
5/1/1955 12:00:00 AM,-1.651694150136,1
6/1/1955 12:00:00 AM,-2.287861808369,1
7/1/1955 12:00:00 AM,-2.623562477363,1
8/1/1955 12:00:00 AM,-2.927671449232,1
9/1/1955 12:00:00 AM,-2.385899027117,1
10/1/1955 12:00:00 AM,-2.764655172722,1
11/1/1955 12:00:00 AM,0.054589693347,1
12/1/1955 12:00:00 AM,0.736637427441,1
1/1/1956 12:00:00 AM,1.128142664032,1
2/1/1956 12:00:00 AM,0.774075785515,1
3/1/1956 12:00:00 AM,0.385478912974,1
4/1/1956 12:00:00 AM,0.414366131037,1
5/1/1956 12:00:00 AM,0.488505875372,1
6/1/1956 12:00:00 AM,0.490009451732,1
7/1/1956 12:00:00 AM,0.689749376055,1
8/1/1956 12:00:00 AM,-0.318421753309,1
9/1/1956 12:00:00 AM,0.349674138547,1
10/1/1956 12:00:00 AM,-0.283093870053,1
11/1/1956 12:00:00 AM,-0.593580232429,1
12/1/1956 12:00:00 AM,-0.982020036338,1
1/1/1957 12:00:00 AM,-0.919106495590,1
2/1/1957 12:00:00 AM,-1.417419486611,1
3/1/1957 12:00:00 AM,-2.103740436921,1
4/1/1957 12:00:00 AM,-2.343708085537,1
5/1/1957 12:00:00 AM,-2.144368434642,1
6/1/1957 12:00:00 AM,-2.816522997833,1
7/1/1957 12:00:00 AM,-2.990118956173,1
8/1/1957 12:00:00 AM,-3.200135533373,1
9/1/1957 12:00:00 AM,-2.783137515837,1
10/1/1957 12:00:00 AM,-2.129966170702,1
11/1/1957 12:00:00 AM,-1.598862616065,1
12/1/1957 12:00:00 AM,-2.001852850751,1
1/1/1958 12:00:00 AM,-2.319934427621,1
2/1/1958 12:00:00 AM,-2.416722115072,1
3/1/1958 12:00:00 AM,-2.311354521200,1
4/1/1958 12:00:00 AM,-2.526305472122,1
5/1/1958 12:00:00 AM,-2.986553659442,1
6/1/1958 12:00:00 AM,0.956198569392,1
7/1/1958 12:00:00 AM,0.735547124796,1
8/1/1958 12:00:00 AM,1.725802711317,1
9/1/1958 12:00:00 AM,-0.385220334057,1
10/1/1958 12:00:00 AM,-1.087724150355,1
11/1/1958 12:00:00 AM,-1.133672357845,1
12/1/1958 12:00:00 AM,-1.713327916137,1
1/1/1959 12:00:00 AM,-2.496370061654,1
2/1/1959 12:00:00 AM,-2.184452772871,1
3/1/1959 12:00:00 AM,-2.692737897740,1
4/1/1959 12:00:00 AM,-3.435462827242,1
5/1/1959 12:00:00 AM,-3.575133589063,1
6/1/1959 12:00:00 AM,-4.154933467047,1
7/1/1959 12:00:00 AM,-4.392820493629,1
8/1/1959 12:00:00 AM,-3.849162297999,1
9/1/1959 12:00:00 AM,-3.528180476501,1
10/1/1959 12:00:00 AM,-3.771135299630,1
11/1/1959 12:00:00 AM,-3.871398385828,1
12/1/1959 12:00:00 AM,-3.906298259688,1
1/1/1960 12:00:00 AM,-3.937820605789,1
2/1/1960 12:00:00 AM,-3.712786968320,1
3/1/1960 12:00:00 AM,-4.156196510387,1
4/1/1960 12:00:00 AM,-4.576870937145,1
5/1/1960 12:00:00 AM,-4.852739572111,1
6/1/1960 12:00:00 AM,-5.364575498758,1
7/1/1960 12:00:00 AM,-4.993785069837,1
8/1/1960 12:00:00 AM,-5.028391405372,1
9/1/1960 12:00:00 AM,-4.707250421577,1
10/1/1960 12:00:00 AM,-4.776158620064,1
11/1/1960 12:00:00 AM,-3.904373835473,1
12/1/1960 12:00:00 AM,-3.831556258387,1
1/1/1961 12:00:00 AM,-3.714398163430,1
2/1/1961 12:00:00 AM,-3.915910869453,1
3/1/1961 12:00:00 AM,-3.775672781555,1
4/1/1961 12:00:00 AM,-4.280544723174,1
5/1/1961 12:00:00 AM,-4.244994587306,1
6/1/1961 12:00:00 AM,-4.258650367504,1
7/1/1961 12:00:00 AM,-4.358047005049,1
8/1/1961 12:00:00 AM,0.344358238848,1
9/1/1961 12:00:00 AM,0.638008845468,1
10/1/1961 12:00:00 AM,0.331524383692,1
11/1/1961 12:00:00 AM,0.673467868101,1
12/1/1961 12:00:00 AM,0.523760126860,1
1/1/1962 12:00:00 AM,0.327456594198,1
2/1/1962 12:00:00 AM,3.103142601224,1
3/1/1962 12:00:00 AM,3.641132709390,1
4/1/1962 12:00:00 AM,3.111577913323,1
5/1/1962 12:00:00 AM,4.598881596757,1
6/1/1962 12:00:00 AM,5.368433406212,1
7/1/1962 12:00:00 AM,6.391785008583,1
8/1/1962 12:00:00 AM,6.022052369772,1
9/1/1962 12:00:00 AM,-0.296982198518,1
10/1/1962 12:00:00 AM,-0.763432250920,1
11/1/1962 12:00:00 AM,-1.144599503500,1
12/1/1962 12:00:00 AM,-1.546845410243,1
1/1/1963 12:00:00 AM,-1.668746046599,1
2/1/1963 12:00:00 AM,-1.611226517851,1
3/1/1963 12:00:00 AM,-1.514815509024,1
4/1/1963 12:00:00 AM,-1.495318691688,1
5/1/1963 12:00:00 AM,0.519852651993,1
6/1/1963 12:00:00 AM,1.225227349449,1
7/1/1963 12:00:00 AM,-0.551306837740,1
8/1/1963 12:00:00 AM,-1.010282048198,1
9/1/1963 12:00:00 AM,-0.406185596550,1
10/1/1963 12:00:00 AM,-0.267800888579,1
11/1/1963 12:00:00 AM,-0.428685949676,1
12/1/1963 12:00:00 AM,-0.595821826952,1
1/1/1964 12:00:00 AM,-0.847838735723,1
2/1/1964 12:00:00 AM,-1.052215448758,1
3/1/1964 12:00:00 AM,0.288667663652,1
4/1/1964 12:00:00 AM,0.199653596082,1
5/1/1964 12:00:00 AM,1.336375919570,1
6/1/1964 12:00:00 AM,-0.239822278302,1
7/1/1964 12:00:00 AM,-0.782749354145,1
8/1/1964 12:00:00 AM,-1.088886757231,1
9/1/1964 12:00:00 AM,-1.448393547828,1
10/1/1964 12:00:00 AM,-1.643414301456,1
11/1/1964 12:00:00 AM,-1.670976079878,1
12/1/1964 12:00:00 AM,-1.905772626439,1
1/1/1965 12:00:00 AM,-2.007523053222,1
2/1/1965 12:00:00 AM,-2.273069029303,1
3/1/1965 12:00:00 AM,-2.298629497047,1
4/1/1965 12:00:00 AM,-2.221065527921,1
5/1/1965 12:00:00 AM,0.246843879713,1
6/1/1965 12:00:00 AM,0.674882335405,1
7/1/1965 12:00:00 AM,0.920342574810,1
8/1/1965 12:00:00 AM,1.739592270162,1
9/1/1965 12:00:00 AM,1.528748452038,1
10/1/1965 12:00:00 AM,0.712770751437,1
11/1/1965 12:00:00 AM,2.108316837697,1
12/1/1965 12:00:00 AM,0.026613596519,1
1/1/1966 12:00:00 AM,-0.441132098926,1
2/1/1966 12:00:00 AM,-0.633506289957,1
3/1/1966 12:00:00 AM,-0.982172956233,1
4/1/1966 12:00:00 AM,-1.731747662466,1
5/1/1966 12:00:00 AM,-2.310948737518,1
6/1/1966 12:00:00 AM,-2.376479475423,1
7/1/1966 12:00:00 AM,-2.698201213141,1
8/1/1966 12:00:00 AM,-2.786038499250,1
9/1/1966 12:00:00 AM,-2.277740255282,1
10/1/1966 12:00:00 AM,-2.662675555109,1
11/1/1966 12:00:00 AM,-2.698357929131,1
12/1/1966 12:00:00 AM,0.891357110716,1
1/1/1967 12:00:00 AM,-0.242905587461,1
2/1/1967 12:00:00 AM,-0.819755544716,1
3/1/1967 12:00:00 AM,0.357168745256,1
4/1/1967 12:00:00 AM,1.421109249494,1
5/1/1967 12:00:00 AM,1.355566755310,1
6/1/1967 12:00:00 AM,1.920709959023,1
7/1/1967 12:00:00 AM,2.056770606831,1
8/1/1967 12:00:00 AM,1.909657682365,1
9/1/1967 12:00:00 AM,3.528426642700,1
10/1/1967 12:00:00 AM,-0.643148181178,1
11/1/1967 12:00:00 AM,-0.795462205634,1
12/1/1967 12:00:00 AM,-1.146810441199,1
1/1/1968 12:00:00 AM,-1.248588599959,1
2/1/1968 12:00:00 AM,-1.209967234367,1
3/1/1968 12:00:00 AM,-1.683377712742,1
4/1/1968 12:00:00 AM,-1.225687993709,1
5/1/1968 12:00:00 AM,-1.464847735424,1
6/1/1968 12:00:00 AM,-1.836297088495,1
7/1/1968 12:00:00 AM,-2.213988539064,1
8/1/1968 12:00:00 AM,-1.385422068700,1
9/1/1968 12:00:00 AM,-1.703575956407,1
10/1/1968 12:00:00 AM,-1.871144398676,1
11/1/1968 12:00:00 AM,0.037991655612,1
12/1/1968 12:00:00 AM,-0.044430981561,1
1/1/1969 12:00:00 AM,0.973026392203,1
2/1/1969 12:00:00 AM,1.923914135802,1
3/1/1969 12:00:00 AM,-0.066042706690,1
4/1/1969 12:00:00 AM,-0.278460631705,1
5/1/1969 12:00:00 AM,-0.617257026707,1
6/1/1969 12:00:00 AM,-0.201946594820,1
7/1/1969 12:00:00 AM,-0.104287263581,1
8/1/1969 12:00:00 AM,-0.364921934574,1
9/1/1969 12:00:00 AM,-0.868533327164,1
10/1/1969 12:00:00 AM,0.129463490752,1
11/1/1969 12:00:00 AM,0.170565051794,1
12/1/1969 12:00:00 AM,0.392393200738,1
1/1/1970 12:00:00 AM,-0.163439881502,1
2/1/1970 12:00:00 AM,-0.702227843042,1
3/1/1970 12:00:00 AM,-0.785746252481,1
4/1/1970 12:00:00 AM,-1.241844329672,1
5/1/1970 12:00:00 AM,-1.947519476666,1
6/1/1970 12:00:00 AM,1.367385868877,1
7/1/1970 12:00:00 AM,1.298852361948,1
8/1/1970 12:00:00 AM,-0.347586181116,1
9/1/1970 12:00:00 AM,-0.751883437934,1
10/1/1970 12:00:00 AM,-1.155433493176,1
11/1/1970 12:00:00 AM,-1.322424198225,1
12/1/1970 12:00:00 AM,-1.402406836277,1
1/1/1971 12:00:00 AM,-1.579259299956,1
2/1/1971 12:00:00 AM,-1.920901963342,1
3/1/1971 12:00:00 AM,-1.998963916305,1
4/1/1971 12:00:00 AM,-2.082218361672,1
5/1/1971 12:00:00 AM,-1.306982771625,1
6/1/1971 12:00:00 AM,-1.174876373201,1
7/1/1971 12:00:00 AM,-1.282089963690,1
8/1/1971 12:00:00 AM,-0.908812927072,1
9/1/1971 12:00:00 AM,-1.231235483491,1
10/1/1971 12:00:00 AM,-0.738914260353,1
11/1/1971 12:00:00 AM,-0.954661430150,1
12/1/1971 12:00:00 AM,-0.652467482305,1
1/1/1972 12:00:00 AM,-1.104995977777,1
2/1/1972 12:00:00 AM,-1.504720012371,1
3/1/1972 12:00:00 AM,-2.415558700389,1
4/1/1972 12:00:00 AM,-2.666199294376,1
5/1/1972 12:00:00 AM,-2.968395565909,1
6/1/1972 12:00:00 AM,-2.705140079616,1
7/1/1972 12:00:00 AM,-2.950809357165,1
8/1/1972 12:00:00 AM,-3.097350428245,1
9/1/1972 12:00:00 AM,0.529147019316,1
10/1/1972 12:00:00 AM,2.461496660915,1
11/1/1972 12:00:00 AM,2.589641714452,1
12/1/1972 12:00:00 AM,2.306689925813,1
1/1/1973 12:00:00 AM,2.431744980269,1
2/1/1973 12:00:00 AM,2.846014427684,1
3/1/1973 12:00:00 AM,2.954350952845,1
4/1/1973 12:00:00 AM,2.903597442250,1
5/1/1973 12:00:00 AM,-0.285407327823,1
6/1/1973 12:00:00 AM,-0.738333336311,1
7/1/1973 12:00:00 AM,-0.790715016720,1
8/1/1973 12:00:00 AM,-0.985888289738,1
9/1/1973 12:00:00 AM,-1.282907536420,1
10/1/1973 12:00:00 AM,-0.924975781630,1
11/1/1973 12:00:00 AM,-0.624153565389,1
12/1/1973 12:00:00 AM,-0.889071528338,1
1/1/1974 12:00:00 AM,-0.876859978692,1
2/1/1974 12:00:00 AM,-1.165875930725,1
3/1/1974 12:00:00 AM,-1.661860367854,1
4/1/1974 12:00:00 AM,-2.012241254549,1
5/1/1974 12:00:00 AM,-2.730921141784,1
6/1/1974 12:00:00 AM,-3.296169349304,1
7/1/1974 12:00:00 AM,0.093183793261,1
8/1/1974 12:00:00 AM,1.159740432104,1
9/1/1974 12:00:00 AM,0.522355876678,1
10/1/1974 12:00:00 AM,1.961214007195,1
11/1/1974 12:00:00 AM,-0.409331518320,1
12/1/1974 12:00:00 AM,-0.395099652145,1
1/1/1975 12:00:00 AM,-0.643913307416,1
2/1/1975 12:00:00 AM,-0.839045720301,1
3/1/1975 12:00:00 AM,0.311409119945,1
4/1/1975 12:00:00 AM,0.425250329333,1
5/1/1975 12:00:00 AM,-0.559015314098,1
6/1/1975 12:00:00 AM,-0.761062937014,1
7/1/1975 12:00:00 AM,-1.277501733398,1
8/1/1975 12:00:00 AM,0.161454381330,1
9/1/1975 12:00:00 AM,0.542231132204,1
10/1/1975 12:00:00 AM,-0.105346193079,1
11/1/1975 12:00:00 AM,-0.119331210118,1
12/1/1975 12:00:00 AM,-0.688151027715,1
1/1/1976 12:00:00 AM,-0.751495804608,1
2/1/1976 12:00:00 AM,-0.687698860170,1
3/1/1976 12:00:00 AM,-0.626862123718,1
4/1/1976 12:00:00 AM,-0.641302732474,1
5/1/1976 12:00:00 AM,-1.531672269865,1
6/1/1976 12:00:00 AM,0.225801535519,1
7/1/1976 12:00:00 AM,1.847453244786,1
8/1/1976 12:00:00 AM,2.909322595968,1
9/1/1976 12:00:00 AM,3.101329424499,1
10/1/1976 12:00:00 AM,3.517796043513,1
11/1/1976 12:00:00 AM,-0.498727096839,1
12/1/1976 12:00:00 AM,-0.892603272223,1
1/1/1977 12:00:00 AM,-1.021782709851,1
2/1/1977 12:00:00 AM,-1.472222700800,1
3/1/1977 12:00:00 AM,-1.628281898862,1
4/1/1977 12:00:00 AM,-2.337463160839,1
5/1/1977 12:00:00 AM,1.586820352455,1
6/1/1977 12:00:00 AM,5.124726594761,1
7/1/1977 12:00:00 AM,4.380013971124,1
8/1/1977 12:00:00 AM,3.629676169365,1
9/1/1977 12:00:00 AM,2.770983506566,1
10/1/1977 12:00:00 AM,1.864229816192,1
11/1/1977 12:00:00 AM,1.099231286804,1
12/1/1977 12:00:00 AM,1.486424360058,1
1/1/1978 12:00:00 AM,1.170544204488,1
2/1/1978 12:00:00 AM,1.517926687912,1
3/1/1978 12:00:00 AM,2.046249649807,1
4/1/1978 12:00:00 AM,3.795582316746,1
5/1/1978 12:00:00 AM,3.658061430906,1
6/1/1978 12:00:00 AM,3.016125730381,1
7/1/1978 12:00:00 AM,2.769046148850,1
8/1/1978 12:00:00 AM,2.267168068757,1
9/1/1978 12:00:00 AM,3.243592809553,1
10/1/1978 12:00:00 AM,-0.362111338443,1
11/1/1978 12:00:00 AM,-0.064211256768,1
12/1/1978 12:00:00 AM,-0.152290211730,1
1/1/1979 12:00:00 AM,-0.459393984812,1
2/1/1979 12:00:00 AM,0.017216441630,1
3/1/1979 12:00:00 AM,0.350826055337,1
4/1/1979 12:00:00 AM,0.391045540515,1
5/1/1979 12:00:00 AM,-0.640565764503,1
6/1/1979 12:00:00 AM,-1.369541665241,1
7/1/1979 12:00:00 AM,-1.316767093304,1
8/1/1979 12:00:00 AM,1.657200522050,1
9/1/1979 12:00:00 AM,-0.552543494758,1
10/1/1979 12:00:00 AM,-1.082339171664,1
11/1/1979 12:00:00 AM,-0.976859142302,1
12/1/1979 12:00:00 AM,-1.333051654552,1
1/1/1980 12:00:00 AM,0.640130698503,1
2/1/1980 12:00:00 AM,0.614743197169,1
3/1/1980 12:00:00 AM,-0.062039702848,1
4/1/1980 12:00:00 AM,0.064433468184,1
5/1/1980 12:00:00 AM,1.032718807189,1
6/1/1980 12:00:00 AM,-0.529225129877,1
7/1/1980 12:00:00 AM,0.131150604869,1
8/1/1980 12:00:00 AM,-0.308393538774,1
9/1/1980 12:00:00 AM,0.206319002006,1
10/1/1980 12:00:00 AM,-0.329711261230,1
11/1/1980 12:00:00 AM,-0.481261452470,1
12/1/1980 12:00:00 AM,-1.024563913054,1
1/1/1981 12:00:00 AM,-1.205392018003,1
2/1/1981 12:00:00 AM,-1.747401685846,1
3/1/1981 12:00:00 AM,-1.772422634878,1
4/1/1981 12:00:00 AM,-2.065990244696,1
5/1/1981 12:00:00 AM,-1.996873620419,1
6/1/1981 12:00:00 AM,-2.683313861380,1
7/1/1981 12:00:00 AM,-2.867562675530,1
8/1/1981 12:00:00 AM,-3.032027011328,1
9/1/1981 12:00:00 AM,-3.251678774268,1
10/1/1981 12:00:00 AM,-2.394736138444,1
11/1/1981 12:00:00 AM,-2.316381072882,1
12/1/1981 12:00:00 AM,-3.007086074046,1
1/1/1982 12:00:00 AM,-2.288577988770,1
2/1/1982 12:00:00 AM,-2.606418987977,1
3/1/1982 12:00:00 AM,-1.922843078858,1
4/1/1982 12:00:00 AM,-1.810876421038,1
5/1/1982 12:00:00 AM,-2.249409908386,1
6/1/1982 12:00:00 AM,1.709850827975,1
7/1/1982 12:00:00 AM,1.021357948979,1
8/1/1982 12:00:00 AM,0.631945589333,1
9/1/1982 12:00:00 AM,2.542688819790,1
10/1/1982 12:00:00 AM,3.382810814606,1
11/1/1982 12:00:00 AM,3.922191222899,1
12/1/1982 12:00:00 AM,3.254405085419,1
1/1/1983 12:00:00 AM,3.279804366310,1
2/1/1983 12:00:00 AM,2.865221985776,1
3/1/1983 12:00:00 AM,3.361065025877,1
4/1/1983 12:00:00 AM,3.934237327112,1
5/1/1983 12:00:00 AM,3.640852791239,1
6/1/1983 12:00:00 AM,3.518691390211,1
7/1/1983 12:00:00 AM,2.888502334410,1
8/1/1983 12:00:00 AM,4.201410347897,1
9/1/1983 12:00:00 AM,4.800587101488,1
10/1/1983 12:00:00 AM,4.419807097201,1
11/1/1983 12:00:00 AM,4.448133035734,1
12/1/1983 12:00:00 AM,4.415024100533,1
1/1/1984 12:00:00 AM,-0.329120316071,1
2/1/1984 12:00:00 AM,-0.523245377841,1
3/1/1984 12:00:00 AM,-0.663515249380,1
4/1/1984 12:00:00 AM,-0.727530759633,1
5/1/1984 12:00:00 AM,-1.431657755084,1
6/1/1984 12:00:00 AM,-1.663732585401,1
7/1/1984 12:00:00 AM,0.766092433126,1
8/1/1984 12:00:00 AM,0.289365507667,1
9/1/1984 12:00:00 AM,0.208897065203,1
10/1/1984 12:00:00 AM,0.681573340305,1
11/1/1984 12:00:00 AM,1.002610722442,1
12/1/1984 12:00:00 AM,-0.375640576428,1
1/1/1985 12:00:00 AM,-0.564065160285,1
2/1/1985 12:00:00 AM,-0.791068626307,1
3/1/1985 12:00:00 AM,0.686627234548,1
4/1/1985 12:00:00 AM,0.993346675160,1
5/1/1985 12:00:00 AM,-0.665484220802,1
6/1/1985 12:00:00 AM,-1.360632861256,1
7/1/1985 12:00:00 AM,-1.856068038488,1
8/1/1985 12:00:00 AM,-2.142483952432,1
9/1/1985 12:00:00 AM,0.674229651496,1
10/1/1985 12:00:00 AM,0.699906806936,1
11/1/1985 12:00:00 AM,1.804047546252,1
12/1/1985 12:00:00 AM,1.691745249457,1
1/1/1986 12:00:00 AM,-0.576783624799,1
2/1/1986 12:00:00 AM,-0.090375390142,1
3/1/1986 12:00:00 AM,-0.532704598810,1
4/1/1986 12:00:00 AM,-0.717832574731,1
5/1/1986 12:00:00 AM,-1.369502701001,1
6/1/1986 12:00:00 AM,-1.948030543876,1
7/1/1986 12:00:00 AM,-1.936483274817,1
8/1/1986 12:00:00 AM,-2.099480658113,1
9/1/1986 12:00:00 AM,-1.998069654699,1
10/1/1986 12:00:00 AM,-2.134567525812,1
11/1/1986 12:00:00 AM,-2.410611718729,1
12/1/1986 12:00:00 AM,-2.409953473302,1
1/1/1987 12:00:00 AM,-2.326407539846,1
2/1/1987 12:00:00 AM,-2.430544790483,1
3/1/1987 12:00:00 AM,-2.490250619301,1
4/1/1987 12:00:00 AM,-2.857273784429,1
5/1/1987 12:00:00 AM,1.527606416749,1
6/1/1987 12:00:00 AM,-0.270951122449,1
7/1/1987 12:00:00 AM,-0.594300359481,1
8/1/1987 12:00:00 AM,-1.041598028483,1
9/1/1987 12:00:00 AM,-1.446625085030,1
10/1/1987 12:00:00 AM,-0.940464562378,1
11/1/1987 12:00:00 AM,-1.098225175259,1
12/1/1987 12:00:00 AM,-0.931915708467,1
1/1/1988 12:00:00 AM,-0.543572086462,1
2/1/1988 12:00:00 AM,-0.577408945324,1
3/1/1988 12:00:00 AM,-0.824112936168,1
4/1/1988 12:00:00 AM,1.688061693368,1
5/1/1988 12:00:00 AM,2.081296471164,1
6/1/1988 12:00:00 AM,0.034666369720,1
7/1/1988 12:00:00 AM,-0.221522113801,1
8/1/1988 12:00:00 AM,-0.469256549818,1
9/1/1988 12:00:00 AM,-0.651100466473,1
10/1/1988 12:00:00 AM,-1.249152488724,1
11/1/1988 12:00:00 AM,-1.233895993948,1
12/1/1988 12:00:00 AM,0.424574381157,1
1/1/1989 12:00:00 AM,-0.504561374647,1
2/1/1989 12:00:00 AM,1.020017858148,1
3/1/1989 12:00:00 AM,-0.126287131270,1
4/1/1989 12:00:00 AM,-0.774462743686,1
5/1/1989 12:00:00 AM,0.705580945393,1
6/1/1989 12:00:00 AM,-0.076892305496,1
7/1/1989 12:00:00 AM,-0.247862953225,1
8/1/1989 12:00:00 AM,0.756344626648,1
9/1/1989 12:00:00 AM,1.363691503943,1
10/1/1989 12:00:00 AM,1.292547945260,1
11/1/1989 12:00:00 AM,-0.355190080246,1
12/1/1989 12:00:00 AM,-0.761691621113,1
1/1/1990 12:00:00 AM,0.208528788064,1
2/1/1990 12:00:00 AM,-0.203003976656,1
3/1/1990 12:00:00 AM,-0.479665884461,1
4/1/1990 12:00:00 AM,1.324571758077,1
5/1/1990 12:00:00 AM,1.762287187206,1
6/1/1990 12:00:00 AM,-0.693809523505,1
7/1/1990 12:00:00 AM,-1.180068161635,1
8/1/1990 12:00:00 AM,-0.797226838390,1
9/1/1990 12:00:00 AM,-0.759123301017,1
10/1/1990 12:00:00 AM,-1.264143906558,1
11/1/1990 12:00:00 AM,-1.093870324285,1
12/1/1990 12:00:00 AM,-0.951159362209,1
1/1/1991 12:00:00 AM,-1.288304341383,1
2/1/1991 12:00:00 AM,-1.862170122410,1
3/1/1991 12:00:00 AM,-1.710603603948,1
4/1/1991 12:00:00 AM,-1.860078528005,1
5/1/1991 12:00:00 AM,-1.698099036477,1
6/1/1991 12:00:00 AM,-1.879693150078,1
7/1/1991 12:00:00 AM,-2.067636678086,1
8/1/1991 12:00:00 AM,-2.391751449686,1
9/1/1991 12:00:00 AM,-2.236592572036,1
10/1/1991 12:00:00 AM,-2.624287535112,1
11/1/1991 12:00:00 AM,-2.486966033189,1
12/1/1991 12:00:00 AM,-2.316725049781,1
1/1/1992 12:00:00 AM,-2.275405074499,1
2/1/1992 12:00:00 AM,-2.263487276742,1
3/1/1992 12:00:00 AM,-2.023460704217,1
4/1/1992 12:00:00 AM,-2.717602672956,1
5/1/1992 12:00:00 AM,-3.593336039084,1
6/1/1992 12:00:00 AM,-3.284181971873,1
7/1/1992 12:00:00 AM,-3.304846192746,1
8/1/1992 12:00:00 AM,-2.950786779725,1
9/1/1992 12:00:00 AM,-2.390137327652,1
10/1/1992 12:00:00 AM,-2.460467566813,1
11/1/1992 12:00:00 AM,-2.479431248055,1
12/1/1992 12:00:00 AM,0.331366633848,1
1/1/1993 12:00:00 AM,1.387364706087,1
2/1/1993 12:00:00 AM,1.276728083198,1
3/1/1993 12:00:00 AM,2.478633716887,1
4/1/1993 12:00:00 AM,2.195728763353,1
5/1/1993 12:00:00 AM,1.646413929688,1
6/1/1993 12:00:00 AM,2.809072898364,1
7/1/1993 12:00:00 AM,2.880300878683,1
8/1/1993 12:00:00 AM,2.593606023647,1
9/1/1993 12:00:00 AM,3.592897328153,1
10/1/1993 12:00:00 AM,3.687095767273,1
11/1/1993 12:00:00 AM,3.744421807226,1
12/1/1993 12:00:00 AM,-0.069143189163,1
1/1/1994 12:00:00 AM,-0.582884504614,1
2/1/1994 12:00:00 AM,-0.395578933955,1
3/1/1994 12:00:00 AM,-0.679598414481,1
4/1/1994 12:00:00 AM,-1.019714836718,1
5/1/1994 12:00:00 AM,1.243298206180,1
6/1/1994 12:00:00 AM,-0.829303017960,1
7/1/1994 12:00:00 AM,-1.219055085970,1
8/1/1994 12:00:00 AM,-1.569210897052,1
9/1/1994 12:00:00 AM,-1.783322348864,1
10/1/1994 12:00:00 AM,-2.009021893272,1
11/1/1994 12:00:00 AM,1.564532971380,1
12/1/1994 12:00:00 AM,1.624372456434,1
1/1/1995 12:00:00 AM,1.412053782662,1
2/1/1995 12:00:00 AM,1.179124476808,1
3/1/1995 12:00:00 AM,1.225738999933,1
4/1/1995 12:00:00 AM,1.338807002562,1
5/1/1995 12:00:00 AM,4.600773594609,1
6/1/1995 12:00:00 AM,6.766607136208,1
7/1/1995 12:00:00 AM,7.274764562343,1
8/1/1995 12:00:00 AM,6.865781393696,1
9/1/1995 12:00:00 AM,-0.327097002733,1
10/1/1995 12:00:00 AM,-0.868984924078,1
11/1/1995 12:00:00 AM,-1.636058420744,1
12/1/1995 12:00:00 AM,-1.506800107209,1
1/1/1996 12:00:00 AM,-1.659138405514,1
2/1/1996 12:00:00 AM,-1.728308516713,1
3/1/1996 12:00:00 AM,-1.805295785051,1
4/1/1996 12:00:00 AM,-2.481961139713,1
5/1/1996 12:00:00 AM,-1.995807376008,1
6/1/1996 12:00:00 AM,-1.676558291226,1
7/1/1996 12:00:00 AM,-2.170183929722,1
8/1/1996 12:00:00 AM,-1.896088036949,1
9/1/1996 12:00:00 AM,-2.119107242143,1
10/1/1996 12:00:00 AM,-2.322573748836,1
11/1/1996 12:00:00 AM,-1.887673529018,1
12/1/1996 12:00:00 AM,-2.549600427345,1
1/1/1997 12:00:00 AM,-1.401067732493,1
2/1/1997 12:00:00 AM,-1.456363527652,1
3/1/1997 12:00:00 AM,-1.940291336111,1
4/1/1997 12:00:00 AM,-2.038446008769,1
5/1/1997 12:00:00 AM,-2.692158922061,1
6/1/1997 12:00:00 AM,-2.037798636756,1
7/1/1997 12:00:00 AM,-2.171967424384,1
8/1/1997 12:00:00 AM,-2.237606077455,1
9/1/1997 12:00:00 AM,-1.956303999190,1
10/1/1997 12:00:00 AM,-2.269499255868,1
11/1/1997 12:00:00 AM,-2.582376602147,1
12/1/1997 12:00:00 AM,-2.286099512936,1
1/1/1998 12:00:00 AM,-2.591394498227,1
2/1/1998 12:00:00 AM,0.573410868280,1
3/1/1998 12:00:00 AM,1.501558795366,1
4/1/1998 12:00:00 AM,2.435233825222,1
5/1/1998 12:00:00 AM,4.671314117968,1
6/1/1998 12:00:00 AM,5.732153200884,1
7/1/1998 12:00:00 AM,5.554088079966,1
8/1/1998 12:00:00 AM,4.739237689009,1
9/1/1998 12:00:00 AM,6.279009266601,1
10/1/1998 12:00:00 AM,5.732362125909,1
11/1/1998 12:00:00 AM,-0.301914261214,1
12/1/1998 12:00:00 AM,-0.424447403300,1
1/1/1999 12:00:00 AM,-0.940766395763,1
2/1/1999 12:00:00 AM,-1.392515731743,1
3/1/1999 12:00:00 AM,-0.772640150253,1
4/1/1999 12:00:00 AM,-0.385681855557,1
5/1/1999 12:00:00 AM,-1.200395339273,1
6/1/1999 12:00:00 AM,-1.570684220945,1
7/1/1999 12:00:00 AM,-2.023106573369,1
8/1/1999 12:00:00 AM,-1.443001469330,1
9/1/1999 12:00:00 AM,-1.728864376698,1
10/1/1999 12:00:00 AM,-2.225311601076,1
11/1/1999 12:00:00 AM,-2.635105115983,1
12/1/1999 12:00:00 AM,-2.762545186980,1
1/1/2000 12:00:00 AM,-1.926835582108,1
2/1/2000 12:00:00 AM,-1.468917693743,1
3/1/2000 12:00:00 AM,-1.244434074155,1
4/1/2000 12:00:00 AM,-1.288403933194,1
5/1/2000 12:00:00 AM,-1.286304050809,1
6/1/2000 12:00:00 AM,-1.984371843727,1
7/1/2000 12:00:00 AM,-2.288641004638,1
8/1/2000 12:00:00 AM,-2.273267247585,1
9/1/2000 12:00:00 AM,-1.794626952872,1
10/1/2000 12:00:00 AM,-1.072286771662,1
11/1/2000 12:00:00 AM,-0.840475951915,1
12/1/2000 12:00:00 AM,-1.266331987080,1
1/1/2001 12:00:00 AM,-1.196577410306,1
2/1/2001 12:00:00 AM,-1.338267788321,1
3/1/2001 12:00:00 AM,-1.776187716284,1
4/1/2001 12:00:00 AM,-1.975269606363,1
5/1/2001 12:00:00 AM,-2.909208420813,1
6/1/2001 12:00:00 AM,-3.507316323243,1
7/1/2001 12:00:00 AM,-3.610220924542,1
8/1/2001 12:00:00 AM,-3.482735725700,1
9/1/2001 12:00:00 AM,-3.623486247216,1
10/1/2001 12:00:00 AM,-4.014820412981,1
11/1/2001 12:00:00 AM,-3.289387598611,1
12/1/2001 12:00:00 AM,-2.084077653668,1
1/1/2002 12:00:00 AM,-1.829530870545,1
2/1/2002 12:00:00 AM,-2.166737917689,1
3/1/2002 12:00:00 AM,-2.093186964546,1
4/1/2002 12:00:00 AM,-2.441239637240,1
5/1/2002 12:00:00 AM,-2.956917676844,1
6/1/2002 12:00:00 AM,-3.223599749687,1
7/1/2002 12:00:00 AM,-3.293041574502,1
8/1/2002 12:00:00 AM,-3.422708748082,1
9/1/2002 12:00:00 AM,-3.580127908598,1
10/1/2002 12:00:00 AM,-3.597599154668,1
11/1/2002 12:00:00 AM,-3.658208550052,1
12/1/2002 12:00:00 AM,-3.781689836944,1
1/1/2003 12:00:00 AM,-4.325605333864,1
2/1/2003 12:00:00 AM,-4.223344224612,1
3/1/2003 12:00:00 AM,-4.887638274556,1
4/1/2003 12:00:00 AM,-4.142108057571,1
5/1/2003 12:00:00 AM,-4.590849080703,1
6/1/2003 12:00:00 AM,-5.029427532679,1
7/1/2003 12:00:00 AM,-4.307828301309,1
8/1/2003 12:00:00 AM,-2.814615593273,1
9/1/2003 12:00:00 AM,-3.101211231429,1
10/1/2003 12:00:00 AM,-3.598404490347,1
11/1/2003 12:00:00 AM,-2.836064958997,1
12/1/2003 12:00:00 AM,-2.602138681063,1
1/1/2004 12:00:00 AM,-2.930920064523,1
2/1/2004 12:00:00 AM,-2.565843299958,1
3/1/2004 12:00:00 AM,-2.976823494135,1
4/1/2004 12:00:00 AM,-3.588538574276,1
5/1/2004 12:00:00 AM,-3.935163228686,1
6/1/2004 12:00:00 AM,-3.663266984128,1
7/1/2004 12:00:00 AM,-3.851363124947,1
8/1/2004 12:00:00 AM,-3.600699369260,1
9/1/2004 12:00:00 AM,-3.741074277397,1
10/1/2004 12:00:00 AM,1.333957500263,1
11/1/2004 12:00:00 AM,2.888296624324,1
12/1/2004 12:00:00 AM,2.990574546678,1
1/1/2005 12:00:00 AM,3.566900018355,1
2/1/2005 12:00:00 AM,3.662415000556,1
3/1/2005 12:00:00 AM,3.342922490444,1
4/1/2005 12:00:00 AM,2.757848988722,1
5/1/2005 12:00:00 AM,3.683378268041,1
6/1/2005 12:00:00 AM,3.528197950053,1
7/1/2005 12:00:00 AM,4.157287076926,1
8/1/2005 12:00:00 AM,3.558846496810,1
9/1/2005 12:00:00 AM,2.779655224623,1
10/1/2005 12:00:00 AM,1.978375929679,1
11/1/2005 12:00:00 AM,1.236257802278,1
12/1/2005 12:00:00 AM,1.396543615311,1
1/1/2006 12:00:00 AM,2.812801806916,1
2/1/2006 12:00:00 AM,2.373681903732,1
3/1/2006 12:00:00 AM,3.145672919061,1
4/1/2006 12:00:00 AM,5.873772171288,1
5/1/2006 12:00:00 AM,5.973042921385,1
6/1/2006 12:00:00 AM,6.290240345547,1
7/1/2006 12:00:00 AM,6.915510864257,1
8/1/2006 12:00:00 AM,-0.199330749409,1
9/1/2006 12:00:00 AM,-0.641922123096,1
10/1/2006 12:00:00 AM,-0.933842132014,1
11/1/2006 12:00:00 AM,-1.095217416858,1
12/1/2006 12:00:00 AM,-0.997311731591,1
1/1/2007 12:00:00 AM,-1.267006120575,1
2/1/2007 12:00:00 AM,-1.702125278584,1
3/1/2007 12:00:00 AM,-2.512116340714,1
4/1/2007 12:00:00 AM,-2.665642737877,1
5/1/2007 12:00:00 AM,-3.164772466934,1
6/1/2007 12:00:00 AM,-3.787793912771,1
7/1/2007 12:00:00 AM,-4.053103793731,1
8/1/2007 12:00:00 AM,-4.243420193580,1
9/1/2007 12:00:00 AM,-4.067911027140,1
10/1/2007 12:00:00 AM,0.041129822616,1
11/1/2007 12:00:00 AM,0.072622658643,1
12/1/2007 12:00:00 AM,0.952895173687,1
1/1/2008 12:00:00 AM,1.682827816277,1
2/1/2008 12:00:00 AM,1.901812688856,1
3/1/2008 12:00:00 AM,-0.239396503285,1
4/1/2008 12:00:00 AM,-0.593578471745,1
5/1/2008 12:00:00 AM,-0.237217146038,1
6/1/2008 12:00:00 AM,-0.402715705737,1
7/1/2008 12:00:00 AM,-0.112479880636,1
8/1/2008 12:00:00 AM,-0.417841131749,1
9/1/2008 12:00:00 AM,-0.879326185478,1
10/1/2008 12:00:00 AM,-1.334525784619,1
11/1/2008 12:00:00 AM,-1.254063036205,1
12/1/2008 12:00:00 AM,-1.198355808134,1
1/1/2009 12:00:00 AM,-0.972206161829,1
2/1/2009 12:00:00 AM,-1.149199258156,1
3/1/2009 12:00:00 AM,-1.015497260379,1
4/1/2009 12:00:00 AM,-1.128637647779,1
5/1/2009 12:00:00 AM,-1.872317665696,1
6/1/2009 12:00:00 AM,-1.596355554347,1
7/1/2009 12:00:00 AM,-2.077862329774,1
8/1/2009 12:00:00 AM,-2.337025188808,1
9/1/2009 12:00:00 AM,-2.691144809750,1
10/1/2009 12:00:00 AM,0.330331261733,1
11/1/2009 12:00:00 AM,0.204989418689,1
12/1/2009 12:00:00 AM,0.445707173668,1
1/1/2010 12:00:00 AM,0.908825551733,1
2/1/2010 12:00:00 AM,2.119582419441,1
3/1/2010 12:00:00 AM,1.727317479950,1
4/1/2010 12:00:00 AM,2.251658644725,1
5/1/2010 12:00:00 AM,2.105556354624,1
6/1/2010 12:00:00 AM,1.851161197780,1
7/1/2010 12:00:00 AM,2.070654307246,1
8/1/2010 12:00:00 AM,1.751266198594,1
9/1/2010 12:00:00 AM,1.269247119202,1
10/1/2010 12:00:00 AM,3.889614397534,1
11/1/2010 12:00:00 AM,3.447954943837,1
12/1/2010 12:00:00 AM,3.605146699634,1
1/1/2011 12:00:00 AM,2.797064398055,1
2/1/2011 12:00:00 AM,2.628888141970,1
3/1/2011 12:00:00 AM,4.001577593753,1
4/1/2011 12:00:00 AM,4.203851636853,1
5/1/2011 12:00:00 AM,4.533589120696,1
6/1/2011 12:00:00 AM,4.403540565566,1
7/1/2011 12:00:00 AM,4.488575759767,1
8/1/2011 12:00:00 AM,-0.195056001129,1
9/1/2011 12:00:00 AM,-0.687115164056,1
10/1/2011 12:00:00 AM,-0.777747399906,1
11/1/2011 12:00:00 AM,-0.896521438072,1
12/1/2011 12:00:00 AM,-1.248062714313,1
1/1/2012 12:00:00 AM,-1.241578472780,1
2/1/2012 12:00:00 AM,-1.550864889178,1
3/1/2012 12:00:00 AM,-1.847924500904,1
4/1/2012 12:00:00 AM,-2.120805092525,1
5/1/2012 12:00:00 AM,-2.463844414091,1
6/1/2012 12:00:00 AM,-3.030006336800,1
7/1/2012 12:00:00 AM,-3.297748787045,1
8/1/2012 12:00:00 AM,-2.893286892894,1
9/1/2012 12:00:00 AM,-3.165229241914,1
10/1/2012 12:00:00 AM,-3.298103176169,1
11/1/2012 12:00:00 AM,-3.599383651011,1
12/1/2012 12:00:00 AM,-3.245745277362,1
1/1/2013 12:00:00 AM,-3.341671684433,1
2/1/2013 12:00:00 AM,-3.390835734279,1
3/1/2013 12:00:00 AM,-3.654217191859,1
4/1/2013 12:00:00 AM,-3.953249356221,1
5/1/2013 12:00:00 AM,-4.364791262207,1
6/1/2013 12:00:00 AM,-4.809947338962,1
7/1/2013 12:00:00 AM,-4.682736859808,1
8/1/2013 12:00:00 AM,-4.610129430598,1
9/1/2013 12:00:00 AM,-4.470426882801,1
10/1/2013 12:00:00 AM,-3.515309986864,1
11/1/2013 12:00:00 AM,-2.493207413526,1
12/1/2013 12:00:00 AM,-2.614758560630,1
1/1/2014 12:00:00 AM,-2.466606745904,1
2/1/2014 12:00:00 AM,-2.656499844188,1
3/1/2014 12:00:00 AM,-2.681299530017,1
4/1/2014 12:00:00 AM,-3.085998432359,1
5/1/2014 12:00:00 AM,-2.726314987562,1
6/1/2014 12:00:00 AM,-3.320633540155,1
7/1/2014 12:00:00 AM,-3.702541947858,1
8/1/2014 12:00:00 AM,-3.378522508029,1
9/1/2014 12:00:00 AM,-2.282736375773,1
10/1/2014 12:00:00 AM,-2.757067470801,1
11/1/2014 12:00:00 AM,-2.499460601513,1
12/1/2014 12:00:00 AM,-2.801876902029,1
1/1/2015 12:00:00 AM,-2.766429472999,1
2/1/2015 12:00:00 AM,-2.912324390102,1
3/1/2015 12:00:00 AM,-3.907624433131,1
4/1/2015 12:00:00 AM,1.191293528707,1
5/1/2015 12:00:00 AM,2.050258552539,1
6/1/2015 12:00:00 AM,2.929707615816,1
7/1/2015 12:00:00 AM,3.430338211957,1
8/1/2015 12:00:00 AM,2.818942925354,1
9/1/2015 12:00:00 AM,1.944992543310,1
10/1/2015 12:00:00 AM,2.359150273373,1
11/1/2015 12:00:00 AM,4.069772047020,1
12/1/2015 12:00:00 AM,-0.369852528011,1
1/1/2016 12:00:00 AM,-0.024501906033,1
2/1/2016 12:00:00 AM,-0.664178915321,1
3/1/2016 12:00:00 AM,-0.818782540126,1
4/1/2016 12:00:00 AM,-1.436830629225,1
5/1/2016 12:00:00 AM,-1.390725406252,1
6/1/2016 12:00:00 AM,-1.882055922228,1
7/1/2016 12:00:00 AM,-2.029306682951,1
8/1/2016 12:00:00 AM,-2.270605159844,1
9/1/2016 12:00:00 AM,-2.392252132530,1
10/1/2016 12:00:00 AM,1.307914112686,1
11/1/2016 12:00:00 AM,0.806112068316,1
12/1/2016 12:00:00 AM,0.892774862614,1
1/1/2017 12:00:00 AM,2.307963207716,1
2/1/2017 12:00:00 AM,-0.089702125392,1
3/1/2017 12:00:00 AM,-0.432837699107,1
4/1/2017 12:00:00 AM,-1.009398678726,1
5/1/2017 12:00:00 AM,-1.455768212333,1
6/1/2017 12:00:00 AM,-1.195886801959,1
7/1/2017 12:00:00 AM,-1.024520614211,1
8/1/2017 12:00:00 AM,-1.057081590993,1
9/1/2017 12:00:00 AM,-0.930867071218,1
10/1/2017 12:00:00 AM,-1.335523351852,1
11/1/2017 12:00:00 AM,-1.622648291572,1
12/1/2017 12:00:00 AM,-1.876833920674,1
